{
 "Parallax": {
  "AutoCalib_X_offset": 0,
  "AutoCalib_Y_offset": 0,
  "Distance": [
   1.0,
   1.004987058897797,
   1.0100241086156578,
   1.0151119046100874,
   1.0202512176365035,
   1.0254428341384862,
   1.0306875566489706,
   1.0359862042038133,
   1.0413396127681842,
   1.0467486356762443,
   1.0522141440846002,
   1.0577370274400373,
   1.0633181939620624,
   1.0689585711408045,
   1.074659106250844,
   1.0804207668815744,
   1.0862445414847162,
   1.092131439939631,
   1.0980824941371223,
   1.104098758582426,
   1.1101813110181311,
   1.1163312530678073,
   1.1225497109011422,
   1.1288378359214353,
   1.1351968054763264,
   1.1416278235926856,
   1.148132121736622,
   1.1547109595996228,
   1.1613656259118763,
   1.16809743928388,
   1.1749077490774908,
   1.1817979363076239,
   1.188769414575866,
   1.195823631037332,
   1.202962067402146,
   1.2101862409730142,
   1.2174977057204037,
   1.2248980533969378,
   1.232388914692677,
   1.2399719604330555,
   1.2476489028213167,
   1.2554214967273873,
   1.263291541025234,
   1.2712608799808354,
   1.2793314046930246,
   1.2875050545895674,
   1.2957838189809538,
   1.304169738674531,
   1.3126649076517152,
   1.3212714748111876,
   1.3299916457811196,
   1.3388276848036331,
   1.3477819166948866,
   1.3568567288843434,
   1.366054573536983,
   1.375377969762419,
   1.384829505915101,
   1.3944118419900149,
   1.4041277121185396,
   1.4139799271693756,
   1.4239713774597496,
   1.43410503558238,
   1.4443839593540193,
   1.4548112948917118,
   1.4653902798232694,
   1.4761242466388504,
   1.487016626190921,
   1.498070951350334,
   1.5092908608266973,
   1.5206801031617154,
   1.5322425409047162,
   1.5439821549801185,
   1.5559030492572323,
   1.5680094553333992,
   1.5803057375421876,
   1.5927963981990996,
   1.6054860830980235,
   1.6183795872725424,
   1.6314818610370978,
   1.6447980163240004,
   1.6583333333333334,
   1.6720932675139166,
   1.6860834568947258,
   1.7003097297874612,
   1.7147781128823782,
   1.7294948397609997,
   1.7444663598509753,
   1.7596993478501162,
   1.7752007136485282,
   1.7909776127798402,
   1.8070374574347334,
   1.823387928072386,
   1.8400369856680536,
   1.8569928846378163,
   1.8742641864845773,
   1.8918597742127157,
   1.9097888675623802,
   1.928061039118324,
   1.946686231352409,
   1.9656747746635386,
   1.9850374064837908,
   2.004785291524997,
   2.0249300432459933,
   2.0454837466272644,
   2.0664589823468327,
   2.0878688524590165,
   2.1097270076861916,
   2.132047676443016,
   2.154845695722794,
   2.1781365439868656,
   2.201936376210235,
   2.226262061250175,
   2.251131221719457,
   2.2765622765622764,
   2.3025744865490307,
   2.3291880029261156,
   2.3564239194789818,
   2.384304328291149,
   2.412852379508942,
   2.4420923454517562,
   2.472049689440994,
   2.5027511397579,
   2.5342247691817894,
   2.566500080606158,
   2.5996080992815154,
   2.6335814722911497,
   2.668454575930272,
   2.704263631730933,
   2.741046831955923,
   2.7788444754756503,
   2.8176991150442476,
   2.8576557171064447,
   2.8987618353969413,
   2.9410677997413637,
   2.9846269216347956,
   3.029495718363463,
   3.0757341576506962,
   3.123405925053954,
   3.1725787166201678,
   3.223324559627455,
   3.2757201646090532,
   3.3298473122777668,
   3.385793279455551,
   3.4436513086740215,
   3.5035211267605635,
   3.5655095184770436,
   3.629730962152304,
   3.696308335268169,
   3.765373699148534,
   3.83706917329477,
   3.9115479115479115,
   3.9889751941869203,
   4.069529652351739,
   4.1534046438820775,
   4.240809802876932,
   4.331972789115646,
   4.427141268075639,
   4.5265851578049485,
   4.630599185573009,
   4.7395058052991965,
   4.853658536585366,
   4.973445798188066,
   5.099295323510572,
   5.231679263884326,
   5.371120107962214,
   5.518197573656845,
   5.673556664290805,
   5.83791712504584,
   6.012084592145016,
   6.196963799143637,
   6.3935742971887555,
   6.603069265864786,
   6.826758147512868,
   7.066134043497561,
   7.322907083716653,
   7.599045346062053,
   7.896825396825396,
   8.218895198760976,
   8.568353067814858,
   8.948847667228783,
   9.364705882352942,
   9.821098087600246,
   10.324254215304807,
   10.881749829118256,
   11.502890173410409,
   12.199233716475097,
   12.98531810766721,
   13.879686137750669,
   14.906367041198514,
   16.09706774519718,
   17.4945054945055,
   19.15764139590854,
   21.170212765957483,
   23.65527488855873,
   26.80134680134683,
   30.91262135922332,
   36.51376146788991,
   44.59383753501396,
   57.26618705035993,
   80.0
  ],